Crop,Sow,Plant out,Harvest,Notes
Tomatoes,Jan,Mar,Aug,
Test crop,Test Crop,Test Crop,Test Crop,Test crop
Test crop,Jan,Feb,Mar,Test notes
Test crop,Jan,Feb,Mar,Test notes
Test crop,Jan,Feb,Mar,Test notes
Test crop,Jan,Feb,Mar,Test notes
Test crop,Jan,Feb,Mar,Test notes
Test crop,Jan,Feb,Mar,Test notes
Test crop,Jan,Feb,Mar,Test notes
Test crop,Jan,Feb,Mar,Test notes
Test crop,Jan,Feb,Mar,Test notes
Test crop,Jan,Feb,Mar,Test notes
Test crop,Jan,Feb,Mar,Test notes
Test crop,Jan,Feb,Mar,Test notes
Test crop,Jan,Feb,Mar,Test notes
Test crop,Jan,Feb,Mar,Test notes
Test crop,Jan,Feb,Mar,Test notes
